{
  "activations": [
    "sigmoid",
    "sigmoid",
    "sigmoid"
  ],
  "weights": {
    "B2": [
      [0.00988681148737669],
      [0.20450782775878906],
      [0.2083829790353775],
      [-0.16651242971420288],
      [-0.41610440611839294],
      [0.2968328595161438],
      [0.1189427599310875],
      [-0.08594029396772385],
      [0.18498529493808746],
      [-0.1060001477599144],
      [0.7007662653923035],
      [0.02650497481226921],
      [0.4873564839363098],
      [-0.3270402252674103]
    ],
    "B3": [
      [0.2612271308898926],
      [-2.578108787536621],
      [-0.6216862201690674],
      [-2.7672970294952393]
    ],
    "W1": [
      [
        7.718786716461182,
        1.2077802419662476,
        1.6548904180526733,
        -2.7420144081115723,
        0.45645853877067566,
        -2.184669256210327
      ],
      [
        1.6370553970336914,
        -3.396078109741211,
        -1.6064504384994507,
        1.3506901264190674,
        -0.3096575438976288,
        -0.5016405582427979
      ],
      [
        -1.276723027229309,
        -3.0858445167541504,
        -0.4427627921104431,
        -3.4906539916992188,
        1.0934277772903442,
        -1.5032519102096558
      ],
      [
        -2.025418996810913,
        -8.192779541015625,
        -0.627888560295105,
        -0.8880777359008789,
        3.7213711738586426,
        2.218205451965332
      ],
      [
        -2.7555484771728516,
        -2.2853446006774902,
        -1.7376959323883057,
        1.6013808250427246,
        -0.014023547992110252,
        1.5200161933898926
      ],
      [
        -1.9736417531967163,
        5.08980131149292,
        3.914097309112549,
        -2.7068591117858887,
        -0.6141125559806824,
        0.8256056904792786
      ],
      [
        -0.7471777200698853,
        -2.6136200428009033,
        0.38267844915390015,
        0.012658162042498589,
        -2.2495768070220947,
        0.8457193970680237
      ],
      [
        0.6761950850486755,
        -4.18618106842041,
        1.518565058708191,
        -1.8795160055160522,
        0.9086660742759705,
        -1.1429800987243652
      ],
      [
        -6.270271301269531,
        0.5213408470153809,
        0.47367703914642334,
        -0.09333062171936035,
        -0.37277689576148987,
        0.1833154857158661
      ],
      [
        0.15762799978256226,
        -3.080482244491577,
        1.0334417819976807,
        0.8570430874824524,
        0.2605739235877991,
        -1.8609366416931152
      ],
      [
        5.708474636077881,
        0.5157859325408936,
        -0.8724123239517212,
        2.5264041423797607,
        0.8942853808403015,
        -0.47941815853118896
      ],
      [
        -2.3391337394714355,
        -4.839848041534424,
        -2.255887985229492,
        0.22258588671684265,
        3.572734832763672,
        0.2129371613264084
      ],
      [
        7.636073112487793,
        0.9216662049293518,
        -0.9951505064964294,
        -0.5338437557220459,
        -3.93644380569458,
        5.48168420791626
      ],
      [
        -6.495628356933594,
        3.3489086627960205,
        -1.097029209136963,
        -3.570601463317871,
        -0.30963560938835144,
        0.4772663712501526
      ],
      [
        -0.3493064343929291,
        -14.915263175964355,
        1.0355539321899414,
        -0.4481649100780487,
        -0.8937183618545532,
        -0.35051339864730835
      ],
      [
        3.696267604827881,
        2.5008957386016846,
        -0.7190744876861572,
        0.016373859718441963,
        -0.999376654624939,
        -1.013118028640747
      ],
      [
        4.202399253845215,
        -2.035956621170044,
        4.840476989746094,
        -3.6111629009246826,
        -2.1964364051818848,
        0.6041867136955261
      ],
      [
        8.209275245666504,
        0.4514433741569519,
        -1.1075100898742676,
        -0.8042566776275635,
        2.1200897693634033,
        0.4767778813838959
      ],
      [
        -12.345731735229492,
        -0.10113564878702164,
        0.7226997017860413,
        0.4325183033943176,
        -0.8863809108734131,
        0.37301501631736755
      ],
      [
        -2.9439682960510254,
        1.910863995552063,
        -0.2746557295322418,
        -4.089692115783691,
        -0.03249509632587433,
        3.750253677368164
      ],
      [
        1.2540286779403687,
        -5.789930820465088,
        -0.29594260454177856,
        -1.3698580265045166,
        -1.2375669479370117,
        0.027212463319301605
      ],
      [
        -1.8951936960220337,
        0.40014711022377014,
        0.44510364532470703,
        -2.528642416000366,
        -0.7191663980484009,
        -2.2835264205932617
      ],
      [
        3.4196901321411133,
        -0.08490483462810516,
        -0.7456457018852234,
        0.05985438823699951,
        0.8828203082084656,
        0.017230570316314697
      ],
      [
        -0.16849277913570404,
        11.194599151611328,
        0.502677321434021,
        -0.40372851490974426,
        2.0518851280212402,
        -0.5806311964988708
      ],
      [
        -6.75988245010376,
        3.1166465282440186,
        0.02433168701827526,
        0.4319065511226654,
        0.5375893115997314,
        -0.4327440857887268
      ]
    ],