{
  "activations": [
    "sigmoid",
    "sigmoid",
    "sigmoid"
  ],
  "weights": {
    "B2": [
      [1.5552409887313843],
      [-2.3103318214416504],
      [0.6917591691017151],
      [-1.0034376382827759],
      [2.111952781677246],
      [-0.21957409381866455],
      [1.5497583150863647]
    ],
    "B3": [
      [1.7313677072525024],
      [-3.6384878158569336],
      [-1.225226879119873],
      [-3.5672543048858643]
    ],
    "W1": [
      [
        -0.16812174022197723,
        3.967979669570923,
        -0.39103659987449646,
        0.6785789728164673,
        -0.6650986075401306,
        -1.2774403095245361
      ],
      [
        4.0739312171936035,
        3.3907864093780518,
        1.1129480600357056,
        -0.9502782821655273,
        -1.4796175956726074,
        -0.3854069411754608
      ],
      [
        1.620357632637024,
        1.8000195026397705,
        -0.9429458975791931,
        5.247743129730225,
        1.5097975730895996,
        1.1117953062057495
      ],
      [
        -9.654278755187988,
        2.1807334423065186,
        -2.6829121112823486,
        0.7302091121673584,
        -0.4817913770675659,
        1.312004804611206
      ],
      [
        1.7010290622711182,
        2.171900749206543,
        -1.0496292114257812,
        -0.04668492078781128,
        -2.884213924407959,
        -0.4773487150669098
      ],
      [
        7.841659069061279,
        3.8973214626312256,
        1.0746886730194092,
        0.27901461720466614,
        -2.2854809761047363,
        -0.6847431659698486
      ],
      [
        -0.874058723449707,
        11.968668937683105,
        -3.5227301120758057,
        -2.1564550399780273,
        -0.5147024393081665,
        2.4020631313323975
      ],
      [
        1.439855933189392,
        -18.72629165649414,
        -2.787057876586914,
        -0.1307438462972641,
        -0.4771342873573303,
        -1.1275912523269653
      ],
      [
        -12.338804244995117,
        0.07946213334798813,
        1.9159464836120605,
        -1.3146306276321411,
        -1.408340573310852,
        0.9914401769638062
      ],
      [
        -14.770122528076172,
        0.8817024827003479,
        0.683448314666748,
        1.5131587982177734,
        -0.34907251596450806,
        -1.3268511295318604
      ],
      [
        0.7477003335952759,
        -4.612070560455322,
        -1.3574763536453247,
        -5.35023307800293,
        3.8784093856811523,
        -1.1687734127044678
      ],
      [
        2.7418203353881836,
        -12.880037307739258,
        1.7213127613067627,
        1.9478362798690796,
        -1.9140323400497437,
        3.032405376434326
      ]
    ],
    "W2": [
      [
        -1.5827375650405884,
        -2.127079725265503,
        -2.4026596546173096,
        -0.36340537667274475,
        0.03598892316222191,
        -2.864128828048706,
        -4.369887351989746,
        7.598552227020264,
        0.6653199195861816,
        -0.8633415102958679,
        2.694748640060425,
        5.551091194152832
      ],
      [
        0.08524034917354584,
        -3.2839643955230713,
        -3.101323127746582,
        6.229872226715088,
        -2.6818864345550537,
        -5.510630130767822,
        0.09823053330183029,
        0.07218807935714722,
        7.993643283843994,
        9.692729949951172,
        0.0966099426150322,
        -2.8708081245422363
      ],
      [
        0.7117348909378052,
        0.6350322961807251,
        0.9244497418403625,
        0.5920755863189697,
        -0.22985011339187622,
        0.13046568632125854,
        0.09437082707881927,
        0.6948376893997192,
        0.41653451323509216,
        0.802899956703186,
        0.3883568346500397,
        0.3384917080402374
      ],
      [
        2.57209849357605,
        2.1788923740386963,
        2.6103603839874268,
        0.48811930418014526,
        0.32397496700286865,
        4.108919143676758,
        6.24508810043335,
        -10.77966594696045,
        -0.9814702868461609,
        0.3599717915058136,
        -4.0845417976379395,
        -7.732780933380127
      ],
      [
        0.7010922431945801,
        2.4583194255828857,
        2.416198968887329,
        -6.047365665435791,
        2.546383857727051,
        4.9526824951171875,
        0.03334164619445801,
        0.6091006994247437,
        -6.525279521942139,
        -8.657398223876953,
        -0.5489963293075562,
        2.3618342876434326
      ],
      [
        1.1452258825302124,
        1.7838659286499023,
        1.6516584157943726,
        -0.4808887839317322,
        -0.3990558087825775,
        2.0900986194610596,
        4.227570056915283,
        -6.199656009674072,
        -0.4618951082229614,
        -0.5649612545967102,
        -3.094163179397583,
        -4.912676811218262
      ],
      [
        -1.2136399745941162,
        -1.6381438970565796,
        -0.9130273461341858,
        -0.6589486002922058,
        0.40412795543670654,
        -2.2076425552368164,
        -3.50219988822937,
        4.936489105224609,
        0.6014471054077148,
        -0.8972187638282776,
        2.083808183670044,
        3.4431514739990234
      ]
    ],
    "W3": [
      [
        -4.138408660888672,
        17.484169006347656,
        1.7862778902053833,
        0.9128311276435852,
        -14.679750442504883,
        -3.9809465408325195,
        -1.3500075340270996
      ],
      [
        -0.9162524342536926,
        -1.666554570198059,
        -3.299006700515747,
        -1.0833358764648438,
        -1.640968918800354,
        -2.597445487976074,
        -1.7446492910385132
      ],
      [
        -12.492097854614258,
        -0.9475600719451904,
        -1.0486445426940918,
        16.228816986083984,
        -1.3355648517608643,
        9.89690113067627,
        -8.403923034667969
      ],
      [
        -1.4037479162216187,
        -2.0683040618896484,
        -2.87469744682312,
        -1.5253394842147827,
        -1.5011296272277832,
        -2.116253614425659,
        -1.9840055704116821
      ]
    ],
    "B1": [
      [0.4079335033893585],
      [1.356815218925476],
      [-2.472748279571533],
      [0.6766930818557739],
      [0.37423616647720337],
      [-1.1208118200302124],
      [1.8306899070739746],
      [2.1731224060058594],
      [0.599349856376648],
      [0.3217540383338928],
      [-0.8721729516983032],
      [-2.011660575866699]
    ]
  }
}